Tweet,Label
"terus barusan dia menghubungi aku terus minta tolong buat bantu proyek dia. ya Allah, jujur agak takut tekanan tapi oke tidak apa-apa.",Fear
"sumpah ini receh banget dan tidak bts related. cuma jujur aku magang padat banget, dikasih proyek lumayan banyak. terus kemarin ada senior gd presentasi begitu dan keren-keren banget, nangis parah. Terus aku pengen chat beliau, pengen tanya-tanya. Minta nomornya ke hrd, dapat, tapi mau chat tidak jadi soalnya takut.",Fear
ragu untuk bisa beli barang itu karena harganya bisa buat cicilan bulanan.,Fear
"bisa tidak sih langsung tanggal 11 saja, tidak usah ada tanggal 10? aku takut banget, mana dua hari lagi.",Fear
"iya kan yang lain suka pada coba, pada tidak apa-apa tapi tetap takut wkwk.",Fear
eh sumpah aku takut banget. Serem banget itu orang.,Fear
"namjoon lagunya like like ngeri banget, anak buah imam jumbo memang sama saja semuanya.",Fear
bodoh banget dah pakai sok-sokan kaget.,Fear
"tolong nilai aku keluarnya lama banget, takut.",Fear
"mau ikut esd saja telat, terus takut gagal.",Fear
emm hampir setiap waktu begitu sampai panik?,Fear
jadi malu saya.,Fear
"sinb kamu hati-hati mukanya ya, takut karena editan jahat.",Fear
buset ngeri banget.,Fear
"nah kan, sudah pasti ada alasan kuat mengapa direksi sebelumnya mengundurkan diri. Belum apa-apa sudah jadi bumper. Ngeri-ngeri sedap.",Fear
pas bangun langsung kaget.,Fear
men's team grup b ngeri kali.,Fear
"tapi lagi pula aku tidak registrasi beneran, cuma stop di situ saja soalnya takut kualat. Kan sudah dibilangin yang tidak registrasi tanggal 14, hehe, sudah begitu saja.",Fear
"anak cewek sendiri, takut kenapa, kenapa kali. Saya pun tidak tahu.",Fear
"sudah mencoba dari pagi, siang, sore, malam sampai jam 1, 2, 3, 4 subuh juga tidak bisa terus aku panik dong.",Fear
"itu ada kecoak, jijik takut.",Fear
terima kasih sudah speak up bang. Aku ngeri akun kamu tiba-tiba kena petrus :(,Fear
"halo kak, paket saya masih belum ada update dari tanggal 29 januari sampai sekarang dan belum sampai juga. Bagaimana ya kak? Saya khawatir jika paket saya hilang, soalnya saya banyak lihat kasus paket hilang di twitter. Mohon bantu follow up ya kak, saya sudah 12 hari menunggu paket.",Fear
betul sama takut balasannya.,Fear
"tadi pagi terkunci yank. Sudahlah meskipun sudah terbuka tetap takut banget, jadinya pindah sekarang saja.",Fear
ngeri ya ampun.,Fear
weh takut limit.,Fear
"hari ini tidak dulu, ngeri.",Fear
"klarifikasi di instagramnya mas katanya ke resto sebelum tahu kalau positif. Itu lagi nunggu hasil. Padahal kan bisa nunggu di mobil, terus kalau mau makan ya tinggal drive thru. Aku nunggu hasil pcr saja tidak kemana-mana, ngeri kalau hasilnya positif bakal menulari. Lah dia malah santai saja anjir.",Fear
"namun, untukku itu hal tabu dan tidak baik untuk dilakukan, apalagi dada itu auratnya cewek, hal sensitifnya cewek. Meskipun masih kecil itu tidak bisa dilakukan. Kalau dilakukan terus menerus lama-lama jadi biasa bagi yang melakukan dan bakal dibawa sampai dewasa. Sumpah itu ngeri.",Fear
"iya, aku biasanya di tengah-tengah karena takut ada kendala begitu. Eh kena hnr.",Fear
"menyendiri dulu deh, mabuk dulu biar tidak panik.",Fear
"kucing kota, panik dia dikejar.",Fear
"takutlah kasus naik ini, erm.",Fear
kenapa mau menghasut orang tidak vaksin? Lalu bangga sekali bila orang vaksin takut cerita efek samping ke dia.,Fear
takut ya.,Fear
ngeri mba :(,Fear
kok suaranya aneh dan bikin merinding ya.,Fear
"berkali-kali ada debt collector ke rumah, nanya nama yang aku sendiri tidak kenal. Huhu, takut.",Fear
"kayak kalau memang tidak ada bisa tidak sih jangan terima orderan aku? Kan jadinya ngasih harapan palsu. Aku tidak mau kacang hijau, maunya tausa.",Fear
lagi stuck nih. Tidak tahu sampai kapan nih ceritaku. Takut tidak bisa melanjutkan. Ada yang pernah di posisi ini tidak guys? Dan apa yang kalian lakukan biar survive lagi?,Fear
cuma kaget saja.,Fear
"andin saja bawa ke sini, hazel masih bayi takut flu.",Fear
takut banget loh.,Fear
"nyontek pas ujian seni musik. Ya Allah, percayalah di sekolah aku semua anak lebih takut remedial musik ketimbang pelajaran eksakta lainnya, soalnya susah dan malas banget, gurunya paling killer seantero sekolah.",Fear
anjir kaget aku.,Fear
"dua hari yang lalu aku dibelikan kopi. Nah, aku kan tidak berani minum soalnya masih pagi, takut asam lambung aku kambuh soalnya mau ada kegiatan kan. Terus baru sempat minum kopinya barusan dan anjir, perasaan aku tidak enak, soalnya sudah merasa agak berdebar sedikit.",Fear
proyek di balik kepanikan atau panik di balik keproyekan.,Fear
ngeri editannya.,Fear
"jangan panik, jangan panik.",Fear
serius? Takut salah info.,Fear
"iya kan, aku saja sampai kaget katanya mereka juga sudah pada tahu kalau mirip.",Fear
"siap, huaa takut loh aku.",Fear
"ah aku baru baca data. Sudah terbiasa lihat kasus tinggi saja, jadi takut.",Fear
"dikepung, dikejar-kejar, ditangkap, ditakut-takuti.",Fear
takut.,Fear
"kenapa pas aku kirim pas banget dibaca dari bawah, anjing malu banget untung tidak dikasih lihat nama pengirimnya siapa.",Fear
pengen blink selca day tapi malu.,Fear
"benar, kalau mau tinggal sama salah satu orang tua pasti sering makan hati. Tapi kalau tinggal sendiri takut tidak bisa mengurus rumah apalagi diri sendiri. Jadi satu hal yang harus kita lakukan adalah bertahan hidup.",Fear
"mau balik kampus nemuin kajur, badan malah lemas tidak enak badan, jadi takut mau ke kampus lagi. Semoga saja tidak kenapa-kenapa aku.",Fear
kaget akun aku keluar sendiri.,Fear
ngeri amat wkwk.,Fear
"ih kaget tiba-tiba ada comeback lagi, ih ya ampun sampai hiatus.",Fear
"weh baru balik ngerjain tugas, kaget banget kok rame?",Fear
baim wong kaget menemukan banyak ular di rumahnya.,Fear
kalau gugup tuh rasanya kayak sudah mau mati gara-gara tidak bisa napas.,Fear
"md-nya juga tolong jangan lupa dibacain, takut meriang membutuhkan kasih sayang.",Fear
memang ya kalau sudah ragu mending tidak usah sekalian.,Fear
ngeri ini.,Fear
"jepang, singapura takut gila.",Fear
aku jadi takut pakai jnt.,Fear
ngeri.,Fear
"dan si mbaknya auto malu, pakai minta maaf. Padahal netizen indonesia ketawa-tawa doang karena mbaknya lucu dikira quote estetik.",Fear
takut banget ada star syndrome.,Fear
"tidak boleh, soalnya sudah makan mi kemarin. Takut lambung aku kambuh lagi kalau keseringan wkwk.",Fear
takut tidak bisa beli sedikit begitu.,Fear
takut tambah dewasa.,Fear
malu dan malas.,Fear
"aku malu sesuatu yang sudah lihat, selamat kalian pernah memandang wajah istri kak andrew.",Fear
"mau bilang kicep, takut. Begitu saja kok malu, sedih sekali.",Fear
"katanya sekolahku tidak bakal online, tapi setidaknya semuanya di-swab dong. Ngeri.",Fear
"tidak ada waktu, apa takut ada mata-mata.",Fear
"oh paham, agak kaget ya bunda.",Fear
takut banget jujur kalau nenek sudah turun tangan.,Fear
jangan lupa minum ya habis makan. Takut keselek.,Fear
takut banget loh (abaikan muka).,Fear
"tidak mau tegang, belum disuruh ayang, tidak usah di-zoom! Tidak boleh ayang.",Fear
"aku tidak tweet begituan di sini, malu dan pasti dikecam. Sekarang kan serem, apa-apa disebar. Tweet kayak pengen have sex sama anime langsung dipret atau di-diss lalu dijadikan bahan teh.",Fear
aku ngeri terkunci.,Fear
"alhamdulillah, panik banget hari ini banyak lagi ya.",Fear
ngeri tapi berusaha menenangkan diri.,Fear
"banyak yang bertanya, memangnya apa yang perlu saya cemaskan? Semuanya terlihat sempurna dan saya memiliki segalanya. Tanpa mereka tahu, bahkan saya cemas untuk sekadar tetap hidup lima menit setelah ini.",Fear
sengaja dibiarkan soalnya takut melanggar hak asasi manusia.,Fear
"jujur ya aku suka covernya tapi takut banget bacanya, makanya tidak beli.",Fear
"punya pasangan kena diajak ribut dulu baru rajin banget. Kaget lihat semua sudah dibuat rapi saja sama dia, hihi.",Fear
"deg-degan, tidak bisa mikir. Kalau sudah gugup tingkat tinggi biasanya tremor.",Fear
"iya mas, aku bingung saja, takut salah beli obat.",Fear
"hujan tidak kunjung reda, setiap hari hujan mulai menemani. Jadi malas keluar rumah. Untungnya wifi rumah pakai indihome jadi tidak takut internet lemot.",Fear
takut.,Fear
"tidak akan ada habisnya tidak sih? Takut ricuh, jadi kayaknya tidak ada nder.",Fear
"makji aku pengen makan mie ayam. Sudah bm dua minggu lalu, boleh tidak makji? Takut ileran ini cacingnya.",Fear
"malu tapi aku tidak diapakan apa-apa, wkwk. Sudah dibalikin begitu saja, dia tes detak jantung doang kali ya. Aku beneran deg-degan soalnya, tapi ya tetap tidak ada yang berubah, cuma memang tahu sih kalau dipretelin tetap takut.",Fear
"dari kemarin aku demam dan tenggorokannya sakit. Ya Allah, takut.",Fear
siapa yang salah di sini bang? Ngeri aku lihatnya.,Fear
"berharap ada yang cancel nendo bokuto dan akaashi yang di kyou, biar bisa checkout langsung di web kyou saja. Mau ambil opslot tapi takut karena harganya tidak murah dan rilisnya masih lama. Nunggu sampai indonesia lebih lama lagi tapi takut juga sih kalau tidak dapat lagi karena pasti perang lagi, wkwk.",Fear
"pas sange, pingin melakukan itu sama seseorang tapi takut.",Fear
"kayak apa ya, aku kalau beli paketan kalau mau keluar jauh atau keluar kota saja. Aku jarang keluar, jadi takut sia-sia.",Fear
"mau ikut komen, takut tambah dewasa.",Fear
"layout-mu keramat, aku jadi takut ajakin barengan.",Fear
sebenarnya takut juga pakai avatar muka sendiri.,Fear
"lawan bocil saja takut, apalagi melawan restu orang tua.",Fear
panik banget tadi twitter aku tidak bisa dibuka.,Fear
"aduh butuh roll film yang ready stock di sini :( takut tidak sampai nanti sebelum hari sabtu, huee.",Fear
"maaf tapi saya merekamnya tidak niat, malu banget, jelek banget wajah saya :'(",Fear
"sebelum situng diralat. Sedih, tegang.",Fear
mbok 15mbps ngeri begitu.,Fear
"hufft, bismillah, bismillah, semoga hari ini pemeriksaannya lancar. Panik mikir, panik banyak, sholawat saja.",Fear
aku kalau sudah pada ngomongin skripsi takut banget sumpah.,Fear
jadi takut pacaran.,Fear
panik banget tadi ditanya-tanyain guru bk.,Fear
setiap kali intuisiku benar itu antara bikin lega atau ngeri sih.,Fear
senang plus takut juga. Mau lihat sejauh mana kemampuan diri. Bismillah.,Fear
"zoom banget gambarnya, kaget.",Fear
"di rumahku yang kena omicron sudah 40-an, takut.",Fear
tapi aku takut canggung.,Fear
kaget keluar sendiri.,Fear
haha sama. Aku di-unfollow 10 orang hari ini. Kaget banget.,Fear
"kyu, kata aku ajakin yang lain juga deh. Kalau pada tidak mau, teror saja pakai chucky.",Fear
"tiba-tiba takut banget loh. Yang sering tiktokan pasti pernah dengar frasa ini. Sejak viral, frasa ini digunakan oleh perusahaan besar untuk promosi. Penciptanya pun kecewa karena tidak minta izin. Memangnya frasa bisa dilindungi? [a thread]",Fear
takut Tuhan kalau aku.,Fear
"eh anjir, woozi takut banget aku takut.",Fear
takut banget ditolak sama doi.,Fear
"takut banget di mana-mana iklan cincin lamaran, cetak undangan, wedding organizer lewat mulu.",Fear
"aku dulu takut, terus kata teman aku tinggal plek, nanti dia cuma nempel ke pupil kok. Kecuali tangan kamu gatal pengen kucek-kucek mata, jangan. Nyopotinnya tidak perih sama sekali, kayak lagi nyubit gitu caranya.",Fear
"kalau sudah dekat hari ulang tahun bawaannya makin panik, makin overthinking.",Fear
oh begitu. Kaget bentukannya kayak preinst.,Fear
"kaget kirain kelirik, taunya bukan, hanya lihat akunnya.",Fear
takut lebih besar daripada ngantuk?,Fear
"mau checkout takut tidak kretek tulang punggung. Dilema jadi muda-mudi jompo, wkwk.",Fear
aku takut.,Fear
"jadi malu, terima kasih.",Fear
"benar lily. Malu banget deh, minim literasi. Kirain paling muda, ternyata lebih muda dari kakak. Terus kirain ada n-nya, taunya dia nulis kurang huruf n, bukan ada n-nya. Malu banget.",Fear
"jeje galak banget, aku takut.",Fear
masih kaget. Dijilat?,Fear
"takut banget bocil tetangga lagi sakit. Yang tadinya mau menghirup udara mendung, akhirnya tutup pintu lagi.",Fear
"cayy jangan lupa makan siang ya, jangan malu-malu untuk jajan bareng-bareng!",Fear
kaget lihatnya.,Fear
"kemarin mengeluh, kalau masih ada almarhum bapak, pasti beliau yang antar jemput kerja. Eh tadi malam langsung mimpi diantar sama beliau pergi kerja. Ini bapakku masih ada atau tidak sih? Agak takut.",Fear
"bismillah desiliun tapi takut berat nanti hisabnya, hehe.",Fear
kaget anjir mini,Fear
kaget anjir mini,Fear
kakak tingkat takut adik tingkat aku doang kayaknya. ini mata kuliah wajib padahal bukan mata kuliah pengayaan.,Fear
jarang bocor benda tajam takut mendekat,Fear
aduh aku kalau hujan begini panik takut bocor lagi,Fear
tau kan rasanya. mau lanjut tidak bisa melek takut nabrak,Fear
anjrit kaget ada renjun,Fear
"alhamdulillah aku dijauhkan dari cowok itu. tapi rasa takut dan traumanya masih membekas sampai sekarang sulit dihilangkan. ketambahan lagi, dulu waktu kelas tiga, teman cowok-cowok pada suka gangguin cewek-cewek. nah, cowok-cowok itu pada megang dada cewek kalau gangguin.",Fear
selalu merasa tidak enakan padahal sebenarnya sudah tidak kuat. merasa takut kalau orang lain itu tidak puas dengan hasil kerja kita. kenapa sih mikirin perasaan orang mulu.,Fear
"pengen berpelukan, tapi malu aku karena takut kalau tidur ngorok",Fear
sumpah takut banget,Fear
"takut, aku demam sama batuk",Fear
kaget lihat balasan. fans sultan semua kayaknya,Fear
teman dunia maya aku pada menghilang ya takut deh,Fear
beuh kaget,Fear
harap-harap cemas,Fear
terkadang kita selalu memaafkan seseorang hanya karena takut kehilangan,Fear
jumlahnya yang takut banyak sekali. sudah kayak menangani teror saja.,Fear
"bajunya yang ini, di tengah lagu minjem gitar dari gitarisnya terus dia yang main. takut banget.",Fear
malu aku. tidak lagi deh komentar-komentar di postingan yang perang komentar.,Fear
ngeri lah kalau begitu caranya.,Fear
agak takut tapi tidak apa-apa.,Fear
kakak wkwkwk aku juga bingung takut akun shopee direport atau bagaimana huhu,Fear
"aku infp dan di aku relate. kalau ada hal yang tidak terorganisir tuh memang panik sendiri, pikiran jadi tidak tenang.",Fear
"ngeri sekali, kesempatan diambil.",Fear
umm aku tidak apa-apa. aku takut terlalu banyak berbagi cerita. tapi makasih sudah menawarkan.,Fear
kontak kita bisa dinamain siapa saja. ngeri juga.,Fear
ah takut,Fear
"aku lagi nangisin cowok fiksi. tiba-tiba abang aku datang, ""sudah salat belum kamu?"" aku antara takut dimarahi karena belum salat dan malu karena mata sembab akibat nangis.",Fear
khawatir,Fear
"anjir anjir anjir sumpah ibu, bapak, hamba takut banget kalau disuruh nungguin adik sendirian. takut dia bangun terus mencekik hamba.",Fear
takut,Fear
hah kenapa serius kok pada kaget begitu,Fear
anjay ini dua ukuran kegedean ternyata gampang lepas pula. takut tercecer jadinya.,Fear
malu banget sendirian. kesannya kayak semua orang ngeliatin sambil kasihan gitu aku ke sini sendiri. tolonglah orang-orang selain jaga jarak juga jaga pandangan dan omongan ya. percaya diriku semakin turun.,Fear
"kaget saat punggungnya dipukul. dia sendiri juga baru sadar langsung sebut nama. kayaknya berani deh jun. tidak tahu, kayak bisa saja.",Fear
malunya masih terasa,Fear
ngeri banget sudah jelas-jelas positif masih nongkrong bukannya isolasi mandiri.,Fear
kaget masuk topik,Fear
aku takut mau baca thread ini. aku yang belum hamil pun sudah takut.,Fear
sumpah ya aku sampai takut tiap papasan sama ayam. pasti memperlambat. soalnya dia bukannya minggir malah nyebrang.,Fear
"di instagram cuma sesekali saja bikin cerita. itu pun isinya acak, cuma biar kelihatan masih hidup. takut dikira sudah mati.",Fear
malu minta dibelikan paket zenius.,Fear
"kalau saya ceritakan semua ini ke kamu, saya takut kamu tinggalin lagi. saya tidak suka sendiri.",Fear
"hmm, macam berat saja ilmu ini. takut tidak tercapai karena tidak ada ilmu persilatan.",Fear
michi naksir gebetan temannya. takut ada keributan.,Fear
eh ada lagi deh hehe. bikin kaget saja.,Fear
benar sudah tidak ngerti malu pula.,Fear
jangan apa-apa kebanyakan diumbar-umbar melulu. kalau gagal malu sekali.,Fear
sudah aktivasi tapi takut tidak valid.,Fear
malu banget maksudnya mau pacaran sama hyomin anjay.,Fear
takut aku dicium macan pendekar biru,Fear
mau positif takut ceweknya cemburu kah. masalahnya aku bukan jennie,Fear
iya sendirian banget. soalnya ada beberapa anak yang positif covid jumat kemarin. asli panik dan takut,Fear
enggak tahu tapi takut,Fear
pengen nonton kukira kau rumah tapi takut kena mental,Fear
hanya karena pernah terluka tidak berarti kamu harus takut mencinta. ada seseorang yang tepat untukmu di luar sana,Fear
"anehnya lagi ada anggota, kaget kok bengkak anggarannya",Fear
sekalinya muncul gebrakannya bikin kaget ya mas topo,Fear
"sebagai penderita agorafobia, anna tidak bisa keluar rumah. dia bakal panik dan takut kalau terjebak di suatu ruangan atau bahkan situasi yang tidak familiar. jadi susah ya teman-teman, si anna tidak boleh keluar rumah, sudah intinya",Fear
ngeri ah segitunya cari perhatian sampai menjelekkan orang lain biar dipandang oke,Fear
takut hujan,Fear
"shade cushion make over lebih cocok yang mana ya. kalau warm ivory keterangan tidak. aku baru pertama kali mau beli bingung milih shade, takut salah",Fear
menetapkan nonton film terbaru spider-man venom nunggu nanti setelah blu-ray atau legal streaming keluar. kapan ya bisa bebas ke bioskop lagi tanpa rasa takut. tidak masalah juga nonton setelah hype reda walau mau tidak mau spoiler bertebaran,Fear
aku juga pengen coba kena air tetap saja takut,Fear
ngeri dia keseleo saja. di korea kan tidak ada tukang urut,Fear
"takut, komputer aku tetap di kolong buku",Fear
ngeri ngeri,Fear
"ini ada yang nungguin tidak sih. aku lagi sakit terus tiba-tiba kepikiran takut tidak bisa nyelesain apa yang sudah aku mulai, jadi bakal maksain update sedikit-sedikit ya",Fear
takut aku mappa garap scene muntah disensor atau tidak,Fear
dua atau tiga orang saja ya. tapi kalau gagal mau dihapus soalnya malu,Fear
"takut aku, mau hidup tenang",Fear
aku malu banget salah tag jeno,Fear
terus fakta lainnya adalah kakek aku rumahnya searah sama rumah aku. pernah sekali dia lewat jalan rumah aku. anjrit aku di belakangnya kaget. lah kok dia belok ke sini,Fear
aku jadi takut kalau lihat akun besideperth,Fear
"heh salah upload, malu",Fear
"kiri, kalau kanan soalnya banyak bergerak takut kepentok",Fear
iya takut banget soalnya fanclub roleplay aku pakai thailand juga,Fear
kamu tidak malu? atau mungkin kalian memang tidak tahu malu?,Fear
yang paling menyeramkan pas ada razia dadakan pas aku lagi bawa bedak tbs yang tentu saja tidak murah. sudah panik kalau bakal disita. untungnya tidak ketahuan,Fear
soonyoung aku takut sama jihoon,Fear
ngeri banget semoga tidak kenapa-napa,Fear
kok om sih. gugup,Fear
tetap kaget walaupun tidak nonton,Fear
"nanti paket aku yang rembes karena hujan kemarin datang, dan aku diminta unboxing depan kurir terus bakal direkam. kan aku malu ya",Fear
"cuma aku malu saja buat publish ke orang lain, karena dia juga tidak pernah publish aku",Fear
"lagi pusing, tapi kalau dapat dana kaget seratus dolar hilang ini pusingnya",Fear
"tidak deh, beneran cemas karena pada posting sedikit-sedikit kelar sidang jadi cemas",Fear
kan bangun-bangun kaget,Fear
ngeri ada tommy shelby sama pak tony stark,Fear
takut tergoda membeli komputer lain,Fear
kaget banget lagi makan mie terus nonton all of us are dead ada adegan zombie lagi ngacak-ngacak usus dari perut. bodohnya aku tetap lanjut makan sambil nonton,Fear
malu,Fear
"bisa disiram air kak, bagian belakang badannya saja tidak apa-apa. kalau muka kasihan takut kaget",Fear
"buat pelajaran besok-besok, takut mengganggu atau gimana haha",Fear
terpantau belum malu,Fear
"pernah tidak sih lagi iseng nyanyi di depan pasangan tapi tidak asal nyanyi gitu, benar-benar nyanyi. terus pasangan kamu terkesima, kaget, syok lalu bilang ""lah aku baru tahu ternyata suara kamu bagus"" karena memang tidak pernah nyanyi pas lagi sama pasangan. malu teman-teman",Fear
"jangan marah-marah, nanti jadi takut dimakan nih",Fear
maaf ya saya mau ketik agak ngeri. hukum mati saja pak atau bu. semoga ketikan saya tidak salah dan tidak berdampak negatif kepada semua orang. amin,Fear
apapun selain percintaan. tapi kalau horor jangan yang hantu. aku takut sama hantu,Fear
efek-efeknya itu loh yang merah-merah bikin takut,Fear
takut tidak ada yang mau pembebasan sama aku mungkin,Fear
"anginnya kencang banget, takut",Fear
aku lihat video tiga dimensi aishite aishite kok takut ya,Fear
"kalau sudah sembilan bulan begini rasanya deg-degan, takut, tapi sudah pengen ketemu adik dan sudah engap ingin cepat-cepat bisa tidur telentang dan tengkurap",Fear
"tiba-tiba mimisan, tidak tahu kenapa penyebabnya padahal baik-baik saja. kaget juga, sudah lama tidak kejadian begini",Fear
"bila tidak ada kerja sangat ini yang aku takutkan, takut tidak tahu mau update apa di media sosial besok",Fear
takut limit,Fear
"ada nad barusan, tapi takut makruh kalau marah-marah ngomong kasar",Fear
teman aku ada yang positif. takut banget soalnya kamis dan sabtu kemarin habis ketemu. akhirnya aku mau swab house service. doakan ya teman-teman,Fear
sebenarnya panik juga sih,Fear
malu banget,Fear
lho kirain festival hahaha,Fear
anda tahu tidak rasanya lagi bengong kaget anjir,Fear
agak ngeri ya,Fear
tidak malu apa ya,Fear
emm malu banget,Fear
oknum yang tidak merasakan malu tadi pas presentasi. tolong tadi kalau kamu join zoom rasanya mau pindah planet,Fear
berita palsu jangan disebar. tindakan tegas akan diambil,Fear
jangan lupa mengingatkan ayang buat napas. takut lupa malah repot,Fear
diurut dulu ke tukang urut. takut salah urat,Fear
ada kelas lagi nanti jam satu tiga puluh. nanti kalau tidur takut kelupaan jam,Fear
lihat kok cuma takut pada ikut tutup juga. nanti aku sendirian,Fear
eh taik takut. aku jadi ciize,Fear
"astagfirullah kaget aku. sampai bingung juga dapat notifikasi begini. sejak kapan aku punya gebetan, jangankan gebetan, orang suka saja tidak ada",Fear
aduh kok ngeri ah,Fear
ngeri ya,Fear
aku boleh suka sama orang lagi. takut dibilang sasimo,Fear
tetap saja ongkirnya bikin kaget,Fear
"aku kalau lagi di samping bapak-bapak selalu tremor, takut, tidak jelas padahal orangnya tidak ngapa-ngapain",Fear
aww malu banget sumpah,Fear
"kaget, heran, ah",Fear
tadi di sekolah ada swab buat dua kelas dan beberapa guru. terus katanya guruku semua bakal kena swab dadakan. aku sekarang lagi kurang fit jadi takut,Fear
jadi takut hehe,Fear
"korea pelapis sama utama tidak kelihatan beda. saking tidak kelihatan sepak terjang pemain utamanya di men's, tapi takut saja kejutan racikan campurannya suka mengejutkan",Fear
hayoo ada amplop di balik hanggar ya kok takut,Fear
"alhamdulillah sudah divaksin sih. itu juga setelah drama. ibu mertua aku tinggal sendirian. beberapa bulan lalu bapak mertua baru wafat. jadi ya, khawatir. lalu ya begitu, agak meremehkan covid. makin khawatir lagi",Fear
tapi takut banget tiba-tiba ppkm bagaimana,Fear
"aku ragu mau balas pakai kata-kata apa atau pakai foto juga, dan akhirnya keluar juga",Fear
"asik permainan emosi dimulai. yang bermain dan terlibat ngeri-ngeri sedap. siap-siap nyiapin pukulan tangkisan. indikasi sih positif seratus persen melawan hukum, cuma upaya mencari keringanan saja. tamatlah sudah karier-karier yang didapat dengan cara tidak berkah",Fear
belum pernah nyampe manggarai lagi kalau naik kereta. kaget sudah jadi di atas peronnya,Fear
"chaki, ini buatmu. aku bete banget kemarinan waktu kamu ngebet mau jodohin aku sama kak heeseung. kaget banget taunya pernah jadi teman satu official account-ku. kelakuanmu beda maksimal",Fear
"terima kasih aii. sumpah aku takut sekarang, benar-benar pasrah",Fear
sekarang kalau upf fee di awal saja kali ya. ngeri banget hari ini,Fear
takut dewasa,Fear
"dikasih tahu adik. simbah nanyain, ""ini bajunya tidak pernah lihat dipakai keluar. dipakai di kamar ya?"" baju tidur tali spageti masa aku pakai keluar. kan malu. ini kalau beli lingerie yang aneh-aneh ya jelas jadi pertanyaan. sudah paling benar beli daster midi saja",Fear
takut sombong,Fear
"kalau tidak gandengan tangan meriang tiap hangout di tempat umum saja lengket banget. bagaimana kalau pas lagi quality time berdua di tempat privat gitu. duh, makasih sudah bikin makin berhalu. dan btw, di yang kedua itu seohyun sempat ragu harus pakai cincin pernikahannya apa tidak",Fear
kamu takut tidak sih anjir selasa depan. treasure beneran comeback ya,Fear
wah ngeri nih sesepuh ternyata,Fear
kakak jadi malu tau,Fear
"mau mengejar, takut lari. jadi mending tidak usah ngapa-ngapain",Fear
"sudah, tapi takut kalau dia mengecek pakai akun lain. dulu aku privasi, aku buka lagi karena pengen balas base. ah, jadi tidak nyaman banget. masa begini saja harus privasi terus. aku ingin bebas",Fear
"beh, mangkuk tutup. ah malu naik",Fear
takut namun berusaha percaya diri,Fear
aaksks tapi aku takut nanti mendadak serangan massal,Fear
pernah tidak sih merasa takut berlebihan buat sayang banget secara tulus ke orang,Fear
panik panik ada yang panik,Fear
sch! teman-teman tanggal delapan sampai lima belas masih bisa unggah foto kan. tadi pagi aku unggah foto tapi pas loading malah error. tolong notice sender panik banget servernya error,Fear
"aku naik angkot isinya cowok semua anjir, malu banget",Fear
aku memutuskan untuk beli komputer dari penjual korea saja nanti. aku takut tidak dapat menarik member favorit karena tangan tidak wangi,Fear
takut banget buka whatsapp,Fear
aduh jadi malu,Fear
bikin kaget anak orang,Fear
sumpah itu kenapa anjir takut banget pada begitu,Fear
waktu punya long distance belum pernah deh iseng kena air haha takut,Fear
takut ke sushi,Fear
"kalau nyolong, malu pasti kedengeran sama yang punya",Fear
pengen makan seblak tapi lagi irit duit. takut tidak cukup sampai akhir bulan haha,Fear
"aku belum makan siang, tidak selera, tidak nyangkut, mau nangis tidak menang rasanya. malu",Fear
"tiba-tiba tadi dicek darah, aku lagi deg-degan takut hasilnya disuruh transfusi. tolong semoga langsung operasi malam ini",Fear
takut lihat harga,Fear
khawatir tidak jelas,Fear
"banyak juga boleh kak, asal jangan kelepasan. ngeri tidak bisa direm, loss pula lagi",Fear
waduh takut takut,Fear
jujur sih kadang aku itu malu dan takut mengakui kalau dia pacarku. iya benar karena fisiknya,Fear
hawanya ngeri,Fear
"iya ya kalau dipikir begitu. tadi sudah aku hapus, tadi katanya badge hijau itu squad leader, kayak hyotion sambil nunjukin foto. takut jelek di mata fans mereka, ya sudah tadi langsung aku hapus",Fear
takut patah hati gara-gara derek,Fear
"indahnya terbang terlalu tinggi, walau jujur aku takut jatuh terlalu jauh",Fear
heheh tapi aku takut dimainin aduh,Fear
"coraline dulu pas kecil takut banget, mana dulu nyebutnya kartun mata kancing",Fear
"takut banget kena polusi, mau isolasi mandiri dulu",Fear
hmm takut tapi tetap usahakan percaya diri lah pokoknya,Fear
takut bila sudah mulai beli nanti semua karakter favorit ingin dibeli,Fear
"minta tolong unit barunya langsung dipasangin semuanya dan dicek flashnya bisa atau tidak. sudah khawatir dari awal beli takut ada apa-apa. makanya sampai kirim instan, taunya benar saja kena apes. untung penjualnya baik mau ganti unit baru",Fear
"tapi tidak boleh panik, nanti kalau panik kamu blank, malah tidak bisa ngerjain. tidak boleh panik",Fear
asli iya takut covid tapi katanya juga karena lagi pergantian musim,Fear
aku deg-degan teman-teman. takut bahasa inggrisku belepotan,Fear
ngeri takut handphone-nya keinjak,Fear
edan ngeri sekali,Fear
"biar kaget, soalnya aku kaget baca yoonmin kaget",Fear
ada satu polling juga tapi takut tiba-tiba yong menjatuhkan sesuatu,Fear
"tidak apa-apa sebenarnya, masih bagus hasil fotonya, tidak ngaruh. tapi aku takut tambah parah saja",Fear
takut skripsi,Fear
masih tidak bisa tidak merasa penasaran tentang wajahnya. secantik apa sih kak raline sampai gege tidak mau nunjukin fotonya ke orang-orang karena takut pada naksir,Fear
kaget bener suka tiba-tiba logout tapi tidak limit,Fear
ngeri keinjak handphone-nya min,Fear
"makin dekat sepuluh februari, rasa campur aduk makin menjadi-jadi. ada bahagia karena anakku sudah mau sembilan belas tahun, sudah makin dewasa. ada cemas juga karena alasan yang sama",Fear
eh takut banget,Fear
ngeri banget,Fear
takut dan deg-degan bacanya tapi bermanfaat banget,Fear
duh aku takut ke s,Fear
takut banget moms,Fear
takut kakak,Fear
"seram karena tentang psikopat gitu. aku nonton itu lebih enek dan takut gara-gara mainnya bunuh-bunuhan, tapi tetap nonton sampai habis karena penasaran",Fear
"rada kaget lihat hasil semester kemarin, tapi ya mari tingkatkan lagi di semester sekarang",Fear
"kenapa sih kamu tuh wangi orang kaya gitu kak, kan aku takut",Fear
"malu-malu, takut salah langkah",Fear
kalau takut malu jangan dikasih palu mas,Fear
takut keseleo kalau salting pagi-pagi,Fear
aduh kalau solo super star gini suka takut,Fear
"mau memeluk takut dosa, tidak memeluk mubazir astaghfirullah bestie",Fear
takut limit haha,Fear
"takut tapi enak, takut tapi dilanjutin. hidung belang",Fear
malu ah,Fear
"kaget, anu anu jangan tanya saya",Fear
"ya allah kaget banget tiba-tiba di-dm kak anin, taunya win",Fear
diam. takut ketahuan mungkin,Fear
kaget terus,Fear
"sumpah aku malu banget. niat untuk praktik efek deterjen ke ikan, lah ikannya malah loncat dari wadahnya. aku refleks kaget dong. anjir jadi bahan tertawaan murid, mana muridnya sudah gede-gede lagi",Fear
"jangan diceritain, takut dicakar sama mix",Fear
"india lumayan ngeri, kalau korea agak bahaya meskipun empat tahun ini mereka di bawah kita. kalau hong kong ya begitu deh",Fear
"tapi lanjut dimakan tidak? takut banget kalau lanjut makan, takut ada pecahan beling kecil masuk ke perut",Fear
takut difoto tuh mak,Fear
"kak sumpah kalau upgrade dari hdd ke ssd itu tidak bakal ngehang gini kan? tabunganku cuma cukup buat upgrade itu, tapi takut juga ada kebutuhan praktikum mendadak. jadinya aku maju mundur mau upgrade",Fear
eh iya jujur takut ketahuan,Fear
"paniknya tuh di pikiran sih. sibuk mikirin ini, mikirin itu, mikir kayak ""aduh ini gimana, takut"", ""kayak apa ini"" sambil mau nangis",Fear
kejar panik takut kebakaran asrama,Fear
malu banget jatuh di parkiran,Fear
tadi aku lagi makan dapat notifikasi kan kaget,Fear
"tadi baru gibah si crush aku, eh tiba-tiba orangnya muncul. aku senggol kaki teman aku biar diam, kalau tahu kan bisa malu",Fear
wooshik apa tidak takut ini sampai trending di korea,Fear
"tidak paham juga, padahal buat global. ngeri editornya",Fear
kaget kan kamu,Fear
takut sha,Fear
aku takut dapat guru. world music lounge biar tidak ketahuan bimbingan konseling,Fear
yang kupikirkan saat ini: ini orang-orang yang punya kontak whatsapp banyak tidak pusing apa ya nyortir siapa saja yang bisa lihat status. aku saja yang sekian saja sudah malas nyortir dan akhirnya jadi malas buat update status sekalian. khawatir hal-hal tidak diinginkan terjadi,Fear
awal semester tiga ada rekrutmen buat asisten dosen. mau daftar maju mundur takut ilmuku belum cukup,Fear
bisa-bisanya semalam mimpiin gwinam. takut banget,Fear
ih malu mau bilang nanti pas libur semester pulang lagi,Fear
"sebenarnya lagi gelisah sedikit soalnya tadi di sekolah banyak yang positif. tapi secara keseluruhan baik-baik saja kok, kamu bagaimana?",Fear
"takut tidak bisa memerankan bapak min yoongi dengan baik, karena yoongi itu seperti diam-diam gitu, sedangkan aku rada petakilan. juga takut kalau disuruh show off ke sisi ""savage""-nya, aku tidak sampai gitu",Fear
"meratib takut raya, setelah itu upload gambar jalan-jalan ke tempat viral",Fear
malu ke fattah amin. berakting kayu pun dia tidak lihat kamera tahu,Fear
walau hati takut menjadi badut,Fear
mama takut bagaimana,Fear
takut disomasi sama klien,Fear
asli takut di bagian reading sama speaking,Fear
"alasan takut kena corona, soalnya ada guru yang menantunya kena tapi masih mengajar",Fear
aku kalau lihat ada musuh yang pasang gelar malah takut,Fear
mau siapapun lawan indonesia aku tetap takut. tembus semifinal pun lawan dari grup b serem semua,Fear
jujur takut dipukul ibu beli jaket bertudung lagi,Fear
malah takut tidak ya,Fear
"ya iya lah, masa tidak takut kalau kebobrokan dibongkar di pengadilan",Fear
takut tidak bisa makan,Fear
"kalau sampai kejadian, aku bikin kamu malu seumur hidup, lihat saja",Fear
"negara kita negara demokrasi, saling menghormati lebih penting. nur wahid takut sekali sama yang namanya museum",Fear
"duh bukan lagi, takut kebakaran",Fear
ngeri sekali,Fear
takut sekali,Fear
"aku kalau sedang menstruasi sakit perut tapi tidak mau minum obat takut ketergantungan. sudah mencoba dikompres pakai air hangat, tidak mempan tadi",Fear
kami takut pada yang tidak berwujud,Fear
"ketularan kaget, pengawasan tidak beres",Fear
"aku malu, aku malu",Fear
haha takut sekali digigit lagi,Fear
takut sekali kalau nanti tiba-tiba,Fear
"hujan angin takut banget, mana genteng tetangga aku melayang banyak sekali, untung tidak kena orang, siang-siang takut",Fear
takut sekali,Fear
ini kedua inamas aku sangat khawatir dengan para ms-nya,Fear
"gaya gembel lagi, baik bercanda ya Allah, aku takut sekali",Fear
takut kemalingan,Fear
malu sekali,Fear
"iya, aku juga jadi takut",Fear
"ngeri sekali ya tuan. begini kok Anda ingin mencalonkan diri jadi presiden. hancur, lebih baik urusi banjir tuan",Fear
"kaget, kok telat",Fear
"memang sih, aku bukan siapa-siapa kamu. tapi aku tidak bohong kalau aku khawatir dengan keadaan kamu sekarang. bolehkah kalau aku yang menghubungi kamu duluan? tapi aku takut membuat kamu risih",Fear
"takut positif terus tidak bisa sekolah. mau menangis saja sumpah, padahal aku hanya masuk angin",Fear
jadi khawatir laptopku tidak kuat dengan semua aplikasi buat kuliah,Fear
"eh kepala aku pusing sekali, tadi sudah tegang takut ditanya-tanya bu naning, ternyata waktu sudah habis",Fear
"tafsir ya, antara kaget dan tidak kaget tapi tetap saja ngeri",Fear
"hahaha, memang lagi ngeri sih. dulu pas curug hejo sepi. sekarang ngeri karena cuaca masih sering hujan",Fear
"sudah berusaha mengurangi faktor cemas dari diri sendiri, tetap saja ada saja dari luar. benar-benar semakin dewasa semakin banyak yang harus dipikirkan",Fear
"anjir aku malu, aku kira suara rose kaget",Fear
kalau di slack suka takut chatnya huruf besar semua,Fear
"hai kakak, mohon maaf terkait kendala ini. untuk saat ini kami tidak dibekali informasi tersebut. apabila ada kendala lain, jangan ragu untuk menghubungi kami ya kakak. terima kasih",Fear
takut tapi tetap percaya diri,Fear
"ahaha iya sama. bayangin saja sudah beli lalu kaget karena belakangnya tidak menyatu, lalu menangisi itu semua",Fear
karena kalau malu akan malu sekali. ini lebih parah dari jeruk orenji. untung benar-benar iri pada jongu,Fear
"di kosan bosan sekali, tapi mau keluar takut, kasus covid lagi naik. mana mau ada acara, jadi harus menjaga kesehatan",Fear
"suka memuji tapi kalau dipuji balik malah malu. suka menatap mata anggota, giliran ditatap balik juga malu sendiri",Fear
takut tidak sih,Fear
"kamu minum kopi dua gelas, itu tidak sehat tahu. kasihan perut kamu. mataku melotot kaget, apa ini sok akrab sekali. pas aku noleh, anjir cakep sekali heran",Fear
kok pada berani ya sama orang asing. apa tidak takut penyakit seksual? tetap seks aman ya,Fear
haha benar-benar takut tapi,Fear
"merajuk juga ibuku itu. setelah ambil vaksin booster semua itu, aku tanya ibuku. ada sakit tidak? mau demam tidak? terus ibuku jawab tidak. hahaha aku jawab balik, habis hari itu takut sekali kenapa",Fear
"malu, tidak fokus",Fear
takut ditolak,Fear
takut banget loh,Fear
"panik sekali, mana aku pemalu lagi",Fear
"kaget, kirain ada yang baru",Fear
"aku juga mau peduli tentang isu kesehatan mental. di sini aku mau menegaskan karakter hana yang sebenarnya dia bukan menolak, gengsi, atau tidak punya hati, tapi rata-rata orang yang punya trauma seksual lebih sulit untuk jatuh cinta atau menerima dirinya jatuh cinta karena terlalu takut",Fear
takut ah nanti dijual,Fear
"beuh, semua modelnya seperti rambo. pantas dianggap saudara. ngeri sekali maksudnya",Fear
"aku kalau boleh mau buat kerja gila pinjam pengering rambut di departemen aku, tapi takut ketahuan oleh bos",Fear
"panik tiba-tiba mata bengkak sebelah, ternyata aku alergi ibuprofen",Fear
"malu mau bilang, agak takut juga",Fear
ngeri banget ditangkap,Fear
"mendengar suara handphone sekarang malah takut, takut dapat kabar buruk",Fear
"kataku mimpi paling buruk itu mimpi jadi pembunuh. sumpah sepanjang mimpi stres sendiri, harus menyembunyikan mayatnya di mana, lalu membuat alibi apa. sedih, takut, menyesal, panik jadi satu. anjir stres sekali",Fear
kaget banget lihat om masuk ke basis,Fear
"kaget lagi ke toilet sudah banjir, ternyata satu hari sebelum haid langsung cek aliran, dan ternyata benar akurat juga. selama ini aku pikir haidku selalu mundur atau kecepetan seminggu",Fear
"bismillah, aku masih takut kalau main warna pastel",Fear
"aku takut mengirim pesan ke penulisnya, apalagi bohong umur. padahal dosa baca seperti itu",Fear
"bangun jam 12.25 sesuai alarm. pas bangun panik sekali, hampir menangis karena mengira telat kelas. setelah beberapa detik baru ingat kalau kelasnya jam 12.40",Fear
ngeri sekarang di kantor ada televisi yang bisa berbicara,Fear
tiba-tiba kok jadi takut kuliah offline ya,Fear
"iya, takut",Fear
aku juga takut,Fear
takut lah lihat undian grup b ini ya Allah,Fear
"takut banget ya Tuhan sama cowok begini, padahal aku sendiri cowok",Fear
"gampang nanti dipancing pakai tali ember, tapi jangan dalam-dalam takut tidak sampai",Fear
"terasa ingin makan biskuit lebaran lebih awal, takut tidak ada lagi saat hari raya",Fear
"bingung mau nonton stray kids atau treasure, beda bulan tapi takut menyesal karena tidak ada waktu",Fear
haha kaget tiba-tiba ada tur,Fear
"kalau sudah penawaran jadi takut, mending kasih harga pas",Fear
"iya kan, kalau sudah begini takut banget tiba-tiba beli tiket ke korea beneran",Fear
malu sekali,Fear
aku malu sekali,Fear
takut tidak lulus indikator kinerja utama kah,Fear
"agak ngeri tidak segrup, jangan-jangan ketemu di final",Fear
"waktunya kurang tepat kalau mau ke indonesia, apalagi di sini masih meningkat kasus covid. aku takut dia kenapa-kenapa, apalagi akhir-akhir ini jadwalnya banyak sekali. cukup di korea saja, jangan ke indonesia dulu",Fear
"kaget loh, kenapa ramai sekali twitternya. kirain ada apa anjir",Fear
masih kaget tiba-tiba di jepang,Fear
agak ngeri ya wanitanya,Fear
jadi takut untuk pacaran lagi,Fear
"aku tidak terpikir sampai ke situ kakak, soalnya aku buru-buru karena itu, aku takut keduluan orang",Fear
ngeri banget kasusnya,Fear
"ngeri loh, datang-datang lihat twitter begini",Fear
hah takut banget,Fear
ngeri,Fear
"hujannya awet sekali, takut banjir",Fear
"teman-teman, aku mau kasih info. aku bawa pulang lagi kucingku karena dokternya tidak ada di petshop. aku takut kucingku stres, jadi aku bawa pulang dulu. nanti kalau dokternya sudah ada di tempat, aku bawa lagi ke sana",Fear
takut membawa pulang,Fear
"tidak pakai nama asli, takut teman dunia nyata tahu",Fear
ngakak anjir takut banget haha,Fear
"aku bukannya berlebihan, aku cemburu, aku khawatir, aku cerewet itu karena aku sayang dan takut kehilangan. itu saja",Fear
"aku jadi takut teman dunia nyata tahu akun ini, soalnya bisa dilihat dari kontak, apalagi aku daftar akun ini pakai nomor handphone",Fear
"aku sudah kaget jongu kenapa, ternyata benar dikonfirmasi. sudah panik",Fear
"malu salah ketik, saking tidak fokusnya",Fear
kok mengerikan,Fear
cuma kaget saja,Fear
"nanti dan lain-lain, takut orang menagih utang ibuku",Fear
soalnya takut ada yang macam-macam. kalau membawa teman kan setidaknya ada yang bisa membantu,Fear
"indeks prestasi kumulatif 3,3 itu sudah bagus tidak. takut sekali ingin memberi tahu ayah kalau nilainya segitu",Fear
pensil warna ketemu tetapi tidak yakin. takut merusak gambarnya,Fear
deg-degan tidak saat ditanya habis menonton apa karena panik aku jawab habis menonton coboy junior,Fear
"warga sudah menjadi korban. dengan teror dan intimidasi terus-menerus, secara psikologis pasti sudah ada warga yang mengalami trauma. belum lagi waktu yang seharusnya digunakan untuk kegiatan produktif, harus dihabiskan menjaga lingkungan tanah mereka",Fear
aku masih menggunakan sekarang. kamu mah sudah lah aku malu,Fear
"kaget aku jelek sekali, tolong",Fear
"winwin dari wayv tetapi ini konten berbayar, aku kaget sekali masuk ke sini",Fear
malu,Fear
"kaget dan deg-degan saat ada pelanggan perempuan yang menyapa saya di kafe. sepertinya anak kedokteran, cantik dan menarik. suaranya lembut sekali, jadi teringat suara kakak yessica",Fear
"serius, mengerikan sekali setiap hari ambulans lewat. tetap aman semuanya, kurangi nongkrong",Fear
malu sekali,Fear
tetapi takut terlihat tua juga di jalan walaupun aku bekerja dari rumah selamanya,Fear
mengerikan,Fear
"aku pikir ayah tidak ikut. malu sekali, hanya malu saja",Fear
aku panik tadi sempat tidak seimbang lalu aku ulang dari awal,Fear
"sumpah aku panik, sudah mengunggah foto ltmpt tapi lupa apakah sudah disimpan atau belum",Fear
"dia juga sangat pintar merayu, hampir sama dengan ayem. aku takut meleleh",Fear
lebih takut orang arab di puncak,Fear
"sampai dua kali kirim. menurut saya lebih baik pengirimnya muncul. kirim pesan langsung kepada saya agar saya tahu. jangan malu, pesan saya terbuka luas",Fear
enaknya makan bakso apalagi dari pagi hujan terus. ingin membeli makanan tetapi takut tiba-tiba hujan deras,Fear
ingin seperti ini saat ulang tahun nanti tetapi takut dijadikan bahan ejekan,Fear
"ya benar, orang-orang tua takut vaksin booster setelah membaca berita tentang efek samping. memang berencana langsung datang ke pusat vaksinasi di pwtc",Fear
mengerikan sekali grup b,Fear
"capek sekali, setiap hari diteror tugas proposal, tertekan",Fear
takut sekali sedang pilek,Fear
"orang-orang sekarang sudah pintar. takut berdosa jika tidak adil. sekarang banyak yang pintar tetapi tidak mengerti. ilmu tidak diamalkan, malah disalahgunakan",Fear
aku takut dengan jeongwoo yang merah,Fear
laptopnya kaget,Fear
"dengar kata, foto satu per satu wajahnya. dan yang bilang itu adalah jenderal bintang empat, mantan pangkostrad, warga kehormatan kopassus dan pimpinan tertinggi angkatan darat. mengerikan",Fear
kamu tidak takut kuliah hukum,Fear
"mobile legends, cara melakukan kombinasi jurus lompat ruby itu bagaimana. aku malah lompat dulu karena bingung menekan yang mana. hasilnya tidak tertarik, malu sekali",Fear
"pak, tolong ringankan beban saya sebagai orang tua yang takut anaknya divaksin. anak saya sembilan tahun. dadanya sering sakit setelah vaksin satu kali. terkadang saya ingin nekat saja karena terlalu tertekan mengenai vaksin ini",Fear
wajahnya sangat tegang seperti menanggung beban rakyat,Fear
"hahaha iya benar, aku pun kaget ternyata anak jurusan biologi",Fear
aku sangat kaget,Fear
aku mencium pipi kananmu dan kamu tersenyum terpesona bercampur malu,Fear
kalau ingin menghirup sekarang harus hati-hati takut bau,Fear
"ini kenapa jadi ramai, kaget. kutipan balasan empat",Fear
"bertahun-tahun bertahan. hubungan kamu dan pacarmu aman, lancar, tanpa kendala hingga kamu sangat cinta. tetapi setiap melihat orang yang disukai langsung teringat lagi. berusaha tetap dekat tetapi takut melewati batas pertemanan",Fear
"menonton ulang video latihan menari got step back di video musiknya. taeyon sangat elegan berpindah dari pinggir ke tengah. saat melihat seulgi, luar biasa, berpindah dari pojok kanan ke tengah dengan berlari. khawatir tersandung",Fear
menonton drama bersama ibu lalu ada adegan berciuman membuat aku panik,Fear
jadi malu,Fear
"terpeleset di depan pengemudi ojek daring. sudah sakit, malu juga",Fear
"anginnya sangat kencang, jadi takut sakit",Fear
"iya kakak, ini kucing oren saya sangat galak. betina-betina lain takut",Fear
ingin menanyakan kabar tetapi takut mengganggu,Fear
"jangan lupa mengingatkan pasangan untuk makan dan minum, takut tersedak pasangannya",Fear
aku lebih takut melihat pemain jepang bertemu bam,Fear
"ada orang bilang simpan sedikit, takut besok mau dipakai",Fear
"wah iya, mengerikan sekali yang setim dengan mas",Fear
kaget ada kekeyi,Fear
iya itu di sana takut,Fear
"teman kosku habis ikut ke venue acara prodi, lalu pulang ke kos meriang dan menular ke satu kosan. sekarang aku juga pilek meriang jadi takut",Fear
aku yang takut,Fear
"begitu lah hidup di lingkungan corona, tiap hari panik selalu ada yang positif",Fear
mengerikan sekali temanmu,Fear
kaget loh kakak masih pagi,Fear
"nuning kabur dari ruang diskusi kakak ciba, takut ya",Fear
"sudah resign dari tempat kerja tapi masih deg-degan, takut kalau bertemu mantan bos di jalan",Fear
malu,Fear
jaga-jaga takut dia terjun lagi,Fear
"ingin percaya diri untuk masuk tim putra, tetapi takut juga tersandung. kelihatannya ini grup neraka",Fear
malu sekali kalau mengingat momen saat main roleplay,Fear
"hahaha takut, anaknya galak",Fear
ingin berobat tapi takut sekali,Fear
"takut sekali, tidak ada tempat nyaman lagi untuk perempuan. merasa semua laki-laki pikirannya kotor. ingin pindah negara rasanya",Fear
"tim putra aku yakin lolos, tapi untuk ms1 aku agak ragu. kalau mode biasa, kita terbaik",Fear
"kena razia rok plisket padahal yang merazia juga pakai rok plisket (kakak tingkat), takut kalah saing padahal tidak ada niat menyaingi, cuma mencontoh",Fear
sampai asma kambuh tetapi bela-belain tidak minum obat karena takut teler di kantor,Fear
mengerikan sekali ibuku marah-marah ke mahmud untuk mengedukasi cara mendidik anak,Fear
takut ingin menaikkan unggahan,Fear
"saya yang menjalani mah biasa saja, cuma kadang kasihan keluarga takut mereka malu",Fear
aku takut sekali kaoru,Fear
"orang indonesia sepertinya tidak ada takutnya, hanya saya rasa mereka takut dengan agama baru yang dipaksakan yaitu covid-19. rokok saja sudah ada label membunuh tetap dikonsumsi, kecelakaan terbanyak adalah motor, tetapi pengguna motor malah bertambah. ada bom pun malah didekati dan direkam",Fear
walau tegang,Fear
"tegang sekali kakak, tetap santai saja",Fear
grup b mengerikan sekali,Fear
belum menikah tetapi habis baca ini malah jadi takut,Fear
agak mengerikan ya,Fear
"teman sekompleks mengerikan sekali, semoga sehat selalu",Fear
orang dulu setelah musyawarah satu kampung untuk menentukan tanggal pernikahan agar tidak bertabrakan supaya orang kampung bisa datang membantu,Fear
takut,Fear
"kalian yang sudah booster, bagaimana efeknya. aku masih lama jadwalnya, cuma aku takut mau mengambil booster, takut efeknya lebih parah dari yang pertama",Fear
karena takut tenggelam dalam lautan luka dalam,Fear
"bolehkah meminta kritik dan saran. apakah layak jika dijadikan stok siap jual, takut malah gagal",Fear
"jangan, aku malu",Fear
"iya sih, tetapi perempuan-perempuan ini naik turun. jadi saling takut",Fear
"tolong jangan lihat balasan aku dulu, malu, untung sudah dihapus",Fear
aku malu kalau diperlakukan seperti itu,Fear
yakin ingin menghilangkan mie ayam. aku ragu,Fear
"wordle 234 dalam tiga dari enam percobaan, kaget sendiri bisa-bisanya percobaan ketiga langsung keluar",Fear
semoga tidak mengalami mimpi buruk di atas panggung,Fear
"serial euphoria musim satu baru selesai ditonton. kenapa rou tidak mau naik kereta dengan jules. lalu di episode tujuh, mcky benar-benar diperlakukan buruk oleh teman-temannya di depan cassie. kaget sekali",Fear
"aku takut tertekuk, ini sangat pas ukurannya",Fear
harga pasaran memang segitu ya. kaget,Fear
"tidak bisa berkomentar, takut salah kata, tetapi rasanya agak aneh juga",Fear
"ya Tuhan, ingin pacaran tetapi takut berujung memanfaatkan anak orang. karma itu ada",Fear
ingin mengutamakan perasaan sendiri tetapi takut kecewa,Fear
"lho, kaget baru sadar",Fear
niat mau membuat 13112th1)4y tvv1130n tertahan karena lagi bimbang dan ragu,Fear
"mengerikan sekali, ekspedisi apa yang aman sekarang",Fear
aku takut nanti malam,Fear
"serius, jadi kaget aku",Fear
aku mau berkomentar tetapi takut,Fear
grup b semengerikan itu ya Allah,Fear
kaget langsung benar,Fear
"kalau aku, jidat sering aku tempelkan di kaca ketika menunggu. alhasil kacanya berembun, lalu panik mencari tisu",Fear
"setiap wtm dan menunggu lta, satu sisi pemeran utama wanita juga sudah diganti menjadi x013692. tidak sabar tetapi mengerikan juga",Fear
"sebagai trivia, aku sungguh serius. aku tidak pernah dugem karena takut merebut pasangan orang",Fear
"bukan katla, bukan wordle, semuanya hari ini bikin tegang",Fear
"kalau benar semua, jadi takut",Fear
mengerikan juga lima kutipan gaib,Fear
"kompak ya, kaget, heran, geram, sudah tidak asing di telinga",Fear
ngeri-ngeri sedap,Fear
"faktanya aku bahagia mengenal dia. aku bahagia bertemu dia. bahkan meski jauh pun aku masih merasa bahagia, walaupun kadang ada rasa khawatir dan cemburu. itu hanya karena aku terlalu sayang dan takut kehilangan dia",Fear
kenapa akun besar moa banyak yang istirahat. semoga cepat kembali. aku takut dan sedikit trauma,Fear
takut dengan sembi,Fear
alhamdulillah undiannya agak bagus tetapi tetap takut,Fear
tidak terbayang aku langsung panik,Fear
kaget sekali tiba-tiba muncul anak jalanan,Fear
"ini aku belum bilang ke ibu, takut tidak dibolehkan",Fear
kalau klaimnya perempuan mandiri aku khawatir,Fear
"aku tetapi kazuha diganti yae, alias takut tetapi tetap percaya diri",Fear
takut seperti dulu lagi,Fear
"lah, kenapa semua pada iri. aku baru membuat tweet, kaget sekali",Fear
"haduh, takut viral dengan komentar saya yang itu. yang suka dan yang berkomentar jadi banyak sekali",Fear
"aku memang tidurnya selalu malam, tetapi paling malam jam dua pagi. alhamdulillah aku bisa tidur di situasi begitu. soalnya aku lebih takut kepada manusia daripada hantu. kalau ada manusia yang mengintip baru aku tidak bisa tidur, itu menyeramkan sekali",Fear
ingin tidur tetapi takut kebablasan karena sebentar lagi mau bimbingan belajar,Fear
"alamak, mengerikan sekali",Fear
"di berau ada konflik lagi antara suku dayak dan bugis. jadi khawatir dengan keadaan ayah, mana handphonenya tidak aktif saat ditelepon",Fear
dan chat mita di whatsapp resmi 0811-84-1400. hati-hati terhadap akun palsu yang mengatasnamakan bank mandiri dan meminta data rahasia. semoga sehat selalu,Fear
aku jadi ragu,Fear
aku masih kaget,Fear
gara-gara ramai soal kolbuk aku panik,Fear
"ya Allah, aku takut kalau ada host yang main rasio dengan fanbase kpop",Fear
"ya Allah mika angkasa, aku kaget. aku kira hanya ciuman biasa di kebun",Fear
"kaget sekali tiba-tiba mas yang aku sukai mengucapkan sesuatu. sayangnya dia sudah berpacaran dengan orang lain. bagaimana dong, aku tidak boleh baper",Fear
semakin mengerikan saja,Fear
mengerikan sekali orang di sebelah aku,Fear
mengerikan sekali,Fear
"ini belum mulai kirim pesan langsung, sudah mules takut diblokir",Fear
"ingin mengerjai yoel, tetapi takut dimarahi duluan",Fear
kamu takut juga tidak,Fear
"jangan terlalu banyak ingin tahu, kurangi rasa ingin tahu terhadap orang lain. nanti takut jatuh cinta lagi",Fear
"bingung, takut, panik",Fear
"iya, takut sekali baca semua balasan di unggahan itu",Fear
takut puasanya tidak sah,Fear
pertama kali membeli kolbuk lucu sekali tetapi agak ragu untuk menggunakannya,Fear
"tidak kakak, aku cuma masih kaget",Fear
"aku ingin bertanya, sebagai pembeli, kalau kita mengirim pesan meminta pricelist lalu melebihi anggaran, boleh tidak kita mengabari ""maaf kak, melebihi anggaran"" begitu. takut tidak enak, atau ada saran kalimat lain untuk membalasnya",Fear
mengerikan sekali,Fear
"aku malu sekali jun, terus diapakan setelah itu",Fear
"hari ini memakai baju merah muda dan celana hitam, takut dikira blackpink",Fear
"kamu kesannya seperti tidak membutuhkan aku. sungguh bukan karena aku tidak membutuhkanmu atau semacam itu, tapi aku hanya tidak mau dikatakan matre. lebih baik memberikan kepada orang tua karena mereka lebih pantas menerima itu. kalau mau membelikan aku sesuatu boleh, tapi jangan terlalu sering, takut menjadi beban",Fear
ada masalah apa dengan tigreal. aku sebagai pengguna tigreal malu sekali,Fear
mengerikan juga candanya,Fear
agak mengerikan juga,Fear
takut sekali,Fear
"tolong, panik ini kembali melanda",Fear
di mana tempat yang aman untuk perempuan. makin takut karena korban kekerasan terhadap perempuan semakin banyak. orang-orang sangat biadab,Fear
"ketika kamu memiliki pacar tetapi tiba-tiba ada seseorang yang kamu sukai. kamu menjadikannya sebagai orang yang kamu sukai, tetapi tidak bisa berbuat apa-apa karena tidak mau berselingkuh, walaupun perasaan itu tidak bisa dibohongi. berusaha menghapus perasaan tetapi malah makin tak tertahan. mau melapor kepada pacar tapi takut malah dibuang",Fear
ingin pergi kencan kecil dengan teman daring tetapi takut canggung,Fear
"aku menangis sangat senang, malu dan kaget bercampur menjadi satu",Fear
"malu sekali, kapan tanggalnya itu",Fear
tiba-tiba aku kaget,Fear
mengerikan sekali kapal sebelah,Fear
"balas saja, takut nanti menyesal",Fear
malu sekali,Fear
"ingin mencoba tetapi takut aneh rasanya. dari skala satu sampai sepuluh, cil, bagaimana rasanya",Fear
takut ingin mengambil ujian SPM tetapi ingin cepat selesai,Fear
"menurutku iya, kalau marah setelah selesai itu biasa, ingin membahas banyak hal. kalau seperti ini malah merasa malu sekali",Fear
"kaget, kirain bakal gagal, eh pacar pulang",Fear
"aku masih kaget, serius",Fear
"pelajaran aturan sinus dan cosinus. ""ini segitiga apa,"" aku refleks menjawab ""segitiga sembarang"" dan ""segitiga abc"". malu sekali, padahal tidak salah, tapi menjawabnya keras sekali",Fear
"ingin ikut penelitian khusus tetapi malah takut, tidak disemangati pula",Fear
"di sini masih enak sekali suasananya, bos dan keluarganya baik, tidak tahu bagaimana kalau nanti benar-benar kerja di tempat profesional. pasti kaget, tapi bagus juga",Fear
"agak mengerikan, apalagi orang asing begitu",Fear
"tidak bisa tenang karena takut, rasanya ingin menangis",Fear
sedikit panik ada kejadian,Fear
"takut, tapi tertawa juga",Fear
jangan balikan nanti takut perang dunia lagi,Fear
"benar sekali, takut seperti yang kemarin, sudah percaya diri tetapi salah. sekarang harus lebih yakin",Fear
"kenapa om menyelip begitu, mengerikan",Fear
mengerikan sekali,Fear
"dibonceng, karena sampai sekarang masih suka bingung di lampu merah kadang hampir menerobos, untung masih hidup. selain itu capek juga membawa motor sendiri dan agak takut menyeberang tanpa modal nekat",Fear
malu sekali tadi ketahuan menangis oleh ibu,Fear
"sejak kemarin kepala pusing, badan pegal-pegal, flu, lalu hari ini tenggorokan mulai sakit. kenapa ya, takut sekali",Fear
"hanya dia yang menjulurkan lidah, aku kaget",Fear
tetapi takut kalau menjadi egois,Fear
tadi panik sekali karena akun aku logout sendiri,Fear
takut sekali karena galak,Fear
ingin tertawa tetapi takut,Fear
"kalau hoki musim panas masih bisa dilihat, tetapi saat oper-oper puck begitu sambil berlari ke sana kemari terlihat sangat berbahaya, takut terpeleset",Fear
"menemukan unggahan yang sangat mewakili perasaanku, tetapi ragu mau membalas",Fear
"eh ternyata bukan, kaget sekali. rompi osisnya mirip, belakang gedungnya juga mirip, pas dilihat ternyata bukan sekolahku",Fear
takut sekali,Fear
"hari ini belum mengerjakan tugas sama sekali. malas sekali, takut menumpuk tetapi tetap malas",Fear
"sebenarnya aku orang yang jarang sekali menelepon orang tua kalau sedang jauh, tetapi belakangan ini ingin mendengar suara mereka terus. walaupun menangis saat menelepon, itu sedikit membuat tenang. setelah selesai menelepon, cemas lagi",Fear
"walaupun kepala puspom, anak buahmu tetap tunduk pada hukum. tugas puspom tidak melihat kamu jenderal atau bukan, yang dilihat adalah kasus hukumnya. katakan saja sebenarnya takut dipenjara",Fear
ingin agak berani tetapi tetap takut juga,Fear
"aku salah kirim ke orang lain, astaga malu",Fear
"benar sekali infp. sudah gelisah, panik, tetapi tetap saja seperti ""sebentar main farmville dulu"" atau ""mengantuk, tidur dulu saja""",Fear
"gila, malu sekali",Fear
"sedikit mengerikan tetapi semangat, semoga bisa. semangat garuda muda",Fear
mengerikan ya,Fear
"agak mengerikan tetapi tetap semangat, teman-teman perempuan",Fear
takut sekali ada cacing kepanasan,Fear
aku malu sekali masuk toilet laki-laki,Fear
"belum mulai saja, kepala sudah sakit sekali. mengerikan, seperti mau meledak",Fear
panik sekali aku kaget,Fear
takut melakukan kesalahan lagi. sebenarnya pemain belakang kanan itu kalau tidak bodoh bisa lebih baik lagi,Fear
sebenarnya pak richi ada perasaan pada ibel tetapi takut,Fear
"tergantung juga, di ruangan biasanya menggunakan AC dan jumlah murid sedikit. takut mengganggu yang lain kalau membuka fresh care karena wanginya sangat menyengat",Fear
takut ditinggal pasangan,Fear
"jangan di sini, malu",Fear
"sejak dulu aku tidak terlalu takut dengan virus ini. benar-benar percaya diri, alhamdulillah tetap sehat",Fear
takut ditampar,Fear
"iya, kalau memakai jubah tetapi menonton sendirian agak malu. kalau bersama teman masih bisa sedikit tertolong",Fear
takut setelah berbuat berani,Fear
biasanya yang curhat itu perempuan di media sosial. kasihan istrinya yang menanggung malu di kampung,Fear
"pernah dijelaskan, memang mengerikan, tetapi tetap penasaran",Fear
"anak panas selama dua hari sampai suhu 39 derajat. mengerikan sekali, takut kejang",Fear
"malu sekali tadi. ada yang berteriak ""misi paket"", aku buru-buru membuka pintu, kirain paketku sudah datang, ternyata untuk rumah sebelah",Fear
menurutku admin warga something sekarang sedang panik,Fear
ingin tidur tetapi takut kebablasan,Fear
ini si zam kenapa mengirim pesan kepadaku. aku takut,Fear
"terlalu banyak mengikuti akun, takut mencapai batas",Fear
"teman-teman, ada yang sudah pernah mencoba pelembab skintific? bagus atau tidak. aku ingin beli tetapi masih ragu karena harganya lumayan",Fear
"iya, makanya aku takut sekali",Fear
kenapa saat mengobrol dengan pembina rasanya deg-degan takut,Fear
"iya, sudah takut gosong kalau tidak dibalik",Fear
"bukan hantu yang menyeramkan, tetapi karena psikopat yang ada di sekitar, yang bisa membunuh kapan saja. saya baru sampai episode empat, tetapi suasananya lebih menyeramkan dibandingkan cerita hantu",Fear
dulu saat SMP dan SMA paling senang olahraga. jadi tidak khawatir juga kalau disuruh berguling ke depan dan belakang,Fear
"masya Allah. awalnya aku suka mendengarkan lagu klasik saat menjelang tidur, tetapi teman berkata ""bagaimana kalau nanti meninggal dan diperdengarkan lagu kpop bukan Al-Quran"", membuat aku takut",Fear
takut,Fear
mengerikan sekali,Fear
takut-takut,Fear
"serius ingin bermain bersama member, tetapi takut untuk meminta",Fear
ke papua takut melanggar hak asasi manusia. beraninya hanya kepada rakyat sipil yang tidak bersenjata. banyak-banyaklah beristighfar melihatnya,Fear
ini karena sebelum tidur aku panik soal akun ltmpt dan jurusan kuliah,Fear
"suaranya sangat dalam, membuat takut",Fear
"tidak sih, aku malu karena memakai pakaian yang tidak biasa. tidak terbiasa juga pergi-pergi memakai pakaian seperti itu",Fear
aku takut,Fear
"tim zombie yang gagal. takut tidak mendapatkan universitas, tetapi tetap ingin bermalas-malasan",Fear
"benar, takut kelupaan, takut terlalu lama karena bingung, dan kasihan yang mengantre",Fear
tim putra sangat mengerikan,Fear
"mengerikan, sampai dimakamkan di satu liang",Fear
kenapa kalau refleks aku suka mempermalukan diri sendiri,Fear
"yang belum aku tambahkan sebagai teman sebentar ya, aku takut kena batasan",Fear
si indy malu sampai ke ubun-ubun,Fear
"wah, agak mengerikan notifikasinya",Fear
kemarin ada yang membandingkan bung karno dengan munarman. sekarang giliran haikal berbicara tentang bung karno. kelihatan terstruktur dan sistematis. ada nuansa adu domba supaya partai pdip dan nasionalis lainnya marah. ada pula nuansa mengaburkan sejarah. mengerikan,Fear
"iya ya dulu infinite banyak muncul di acara varietas, levelz lumayan walaupun lama-lama mulai berkurang juga. tidak tahu di balik layar seperti apa, dunia hiburan kadang memang kompetitif dan mengerikan",Fear
"malu sekali, sudah bilang rindu tapi tidak ada yang peduli",Fear
"iya, mengerikan sekali sampai keluar ususnya, matanya dicolok, badannya dipotong di tangga",Fear
aku takut dimarahi,Fear
sedang bekerja disemangati oleh si cantik yang belum mandi karena takut kedinginan,Fear
aku saja yang punya sampai terkejut,Fear
"teman daring lagi, ya Allah, malu",Fear
"takut sekali karena kepala pusing, tenggorokan serak, dan badan hangat. untung kemajuan teknologi tahun ini menyelamatkan anak kos sepertiku. terima kasih gomart",Fear
"jujur aku juga panik, jadi teringat betapa sakitnya selama tiga minggu",Fear
malu tetapi,Fear
ingin makan pisang kopi klotok tetapi takut terkena covid,Fear
"kaget, kukira akun temanku, ternyata avatarnya sama",Fear
mengerikan sekali seperti drama thriller psikopat,Fear
takut sepi tetapi yang lain tidak berarti,Fear
"ibu, pagi-pagi jangan marah-marah ya",Fear
"jangan pernah membenci orang, bisa saja dia adalah jodohmu",Fear
"iya, mau aku jemur di rumah. kalau tidak, ibu akan marah",Fear
"memang, tetapi banyak orang takut meminta maaf bukan karena takut merasa rendah, tetapi takut jika sakit hatinya tidak bisa dijadikan rasa benci. jadi, hilangkanlah rasa benci dalam hati",Fear
"kita semua punya rasa marah terhadap wowo profesor, jangan dendam ya profesor. waktu memilih sudah kita serahkan semua pada Allah. tetapi kalau teringat kejadian itu, boleh lah sedikit emosi",Fear
"sabar ya mbak, bingung mau berkata apa. kalau aku pribadi, kalau jadi mbaknya mungkin sudah marah besar",Fear
"bingung sekali, kupikir dia belanja, karena biasanya kalau aku kesal atau badmood suka belanja. ternyata itu self harm, astaga",Fear
"ayo makan dulu, nanti reon marah",Fear
nanti pacarku marah kakak,Fear
"seram sekali ego itu. ditambah lagi aku merasa sangat bodoh karena tidak mengerti. kalau di the tag masih bisa ketawa-tawa, tetapi kalau di ego itu benar-benar serius dan menyeramkan",Fear
jangan marah ya,Fear
"kakak jangan marah-marah, takut nanti cepat tua",Fear
"sudah ya, jangan marah lagi",Fear
aku benci sekali kalau sudah rapi lalu tiba-tiba ingin buang air besar,Fear
"dia mau marah pun terlihat lucu, tetapi kalau mempermalukan orang lain aku malu",Fear
"teringat saat ujian praktek jurnal manual, kas aliranku lancar, komputer juga lancar, tetapi saat ujian teori zonk, tiba-tiba seperti orang bodoh",Fear
"ingin marah melihat orang menggunakan filter mata banyak sekali di wajah, merinding aku",Fear
"kalau nanti ditembak, pacarku pasti marah",Fear
nervous sekali,Fear
pelatih dancenya pasti marah karena banyak yang izin,Fear
"tidak sih kakak, tetapi baru sampai rumah jam delapan pagi. mungkin fix sangat mengantuk, tadi kukira jam sepuluh malam",Fear
sepertinya kucingku dendam karena menjelang subuh aku menutup pintu,Fear
"aku sakit tenggorokan, badan tidak enak, tulang pegal-pegal. jadi kepikiran kena covid, mengerikan",Fear
bulan ini rasanya tidak enak hati ya,Fear
"aku tidak pakai yang niacin, tetapi yang botol ungu. hebat sekali, kaget karena kulit langsung cerah. agak mengerikan",Fear
"berlaku juga untuk penjual. kalau sudah ada yang ambil, setidaknya kabari ke calon pembeli. kalau sama-sama tidak mengabari, bagaimana",Fear
"kamar luarnya kalau ada mbaknya, enak karena dibersihkan setiap minggu. tetapi karena bersama-sama jadi kurang privasi. kalau malam tidak perlu keluar kamar. kalau kamarnya kecil jadi lembab, rawan binatang kecil, bau juga kalau tidak rajin membersihkan",Fear
cerah saja untuk hari ini. aku mau pergi ke jtp. tidak lucu kalau hujan dan gagal lagi,Fear
"kalau sosis direbus masih enak, tetapi nugget direbus terasa aneh",Fear
perasaanku memang tidak enak dengan ini,Fear
"minuman janji jiwa itu, kalau sudah dua hari apakah masih enak rasanya. tidak basi",Fear
"apakah ada yang bisa meretas akun instagram. tolong sekali, hatiku sudah tidak tenang sejak seminggu lalu",Fear
"kalau di mal aku suka tidak enak hati dengan petugas yang baru mengepel. karena tidak ada jalan lain, akhirnya aku jalan berjingkat-jingkat sambil bilang maaf kepada petugas",Fear
"kenapa ya perasaanku tidak enak, padahal mau pergi nanti",Fear
tidak enak sekali tinggal di tempat orang,Fear
"durian kalau langsung dikonsumsi tidak enak, kalau sudah diolah baru enak. takut mencium baunya",Fear
"sebenarnya bagus, hanya saja karena penjualnya galak jadi membuat takut",Fear
tidak tahu. aneh sekali kenapa banyak orang yang menyukai dia,Fear
"takut sekali, serius. padahal mereka tempat aku bercerita, tetapi aku sering lupa mau curhat apa",Fear
"aku di sini cengeng, suka berkata kasar, setiap hari mengeluh. takut kalau teman dunia nyata tahu dan jadi tidak nyaman denganku. makanya kalau aku mengajak teman dunia nyata ke sini, berarti aku benar-benar percaya",Fear
"di sisi lain belum berani menonton film kukira kau rumah, meskipun suka dengan lagu dan musikalnya, karena selain alasan kesehatan juga takut mental health terpengaruh",Fear
"aku tidak pernah meminta menumpang kecuali ditawari, karena merasa tidak enak hati. dulu ada teman yang kesal karena sering dimintai tumpangan. jadi suka kepikiran apakah dia keberatan atau tidak",Fear
"yang biasanya sangat pendiam, kalau tiba-tiba berbagi cerita kadang tidak terkendali, lalu menyesal dan jadi takut",Fear
"masih kepikiran kenapa choi ung rela menyukai yeon su selama itu, padahal dari dulu tidak ada perubahan. yeon su memang dibuat untuk choi ung",Fear
"mengerikan sekali, mio-chan ternyata suka makan dinosaurus",Fear
"sumpah, bukan karena tidak nyaman, tetapi aku takut malah jatuh cinta kepadamu. kenapa kamu tidak peka",Fear
"kaget sekali dan berpikir, kok bisa dia menyukai aku",Fear
"bukan tidak suka dengan serialnya. aktingnya bagus, soundtracknya juga bagus, tetapi ceritanya sangat menyeramkan",Fear
"karena tempat kaos kaki selalu berantakan tidak digulung setelah dicuci, jadi saat pagi-pagi buru-buru tidak sadar. sampai di kelas baru sadar. panik, tetapi tetap diterobos saja",Fear
"dulu aku seperti itu sampai SD. tidak suka rumput, apalagi yang tajam-tajam. takut, geli",Fear
"aku bingung, padahal dia tahu aku menyukainya, tapi masih saja memperlihatkan status tidak ada yang menyayanginya",Fear
dulu aku tidak berani mengucapkan selamat ulang tahun ke laki-laki yang kusukai. padahal itu kesempatan emas,Fear
"kadang suka berkhayal menemani dia wisuda. pasti bahagia sekali, tetapi takut juga kalau akhirnya bukan aku yang menemani",Fear
"hewan peliharaan kecil tetanggaku tidak mau diam. kadang masuk ke rumah, kadang buang kotoran di teras. mungkin karena sering diberi makan",Fear
"aquarius tidak pintar berbohong. terlalu langsung, sampai kadang menyakitkan. jadi takut bertemu",Fear
"ayah menyuruh membawa mobil exora ke asrama, mukaku langsung muram. bukan tidak suka, tapi takut mengendarainya",Fear
"ingin sekali membelikan layout kapel untuk pacar virtual, tetapi masalahnya kami berdua suka layout mati lampu",Fear
"kalau tidak terlalu pahit masih suka. tapi kalau pahit sekali tidak suka, takut dengan rasa pahit",Fear
deg-degan sekali hari ini. semoga semuanya lancar. sinyal semoga tidak bermasalah. salam sehat dan waras,Fear
"kalau menyukai seseorang kadang membuat minder, apalagi jika orangnya santri sedangkan aku merasa fisik dan akhlakku kurang. lebih nyaman mencintai dalam diam. apalagi dia pernah melihat aku menggunakan alat sedot ingus, semakin malu",Fear
"sering, sampai sekarang pun aku kadang masih merasa takut, apalagi kalau malam. belum lagi belum membahagiakan orang tua",Fear
langsung aku berhenti mengikuti. alasan kenapa orang-orang tidak suka dia sekarang sangat jelas,Fear
takut sekali kalau kamu menyukai orang lain,Fear
temanku di SMA dulu suka berteriak-teriak minta alat pemotong untuk melukai diri. masalahnya karena putus dengan pacarnya dan pacarnya suka orang lain. mengerikan,Fear
"baru sadar kenapa dulu aku suka sekali membeli boneka babi, sampai sekarang menumpuk di lemari",Fear
"benar, jangan pasang muka jutek. nanti kalau dilihat mas anu kan tidak enak. dia kan suka kamu. kaget sekali, dia temannya orang-orang yang tampan, kok bisa menyukaiku",Fear
"halo, aku mau tanya. walaupun hanya diminta CV, tetap harus mengirimkan surat lamaran kerja tidak. apa bedanya body email dengan surat lamaran kerja. aku masih suka bingung. selama ini aku mengirim file CV dan body email seperti lamaran kerja. takut salah",Fear
"sering, lalu berpikir, ""berapa banyak bayi yang lahir hari ini""",Fear
adakah perempuan yang tulus kepadaku. takut patah hati,Fear
"memfilter orang-orang toxic yang suka mengurusi hidup orang lain, itu sangat mengerikan",Fear
sudah mau tanggal 14 februari. tolong jangan aneh-aneh saat valentine day. aku tidak suka dengan scorpio,Fear
"ternyata suka dibuat kasar begitu, bahkan sampai lebam. akting mereka keren sekali. membuatku merasa terbawa suasana sebagai dominan dan submisif. penasaran tetapi juga geli",Fear
aku sering sekali salah ketik. mungkin memang jalan ninjaku,Fear
"kalau aku jadi kamu, pasti malu sekali. sebaiknya buat pernyataan permintaan maaf dulu, lalu istirahat. semoga tidak blunder lagi",Fear
"mau tanya, kalian lebih suka di cerita alternatif kalau karakternya seumuran atau lebih tua. aku bimbang",Fear
"takut sekali kalau setelah menikah keluarga pasangan tidak suka. datang hanya sebentar lalu pergi, itu jelas sekali menunjukkan ketidaksetujuan",Fear
"kenapa aku suka kaget ada luka cakaran kucing, padahal sering tidak sadar. pagi ini ada lagi, dua bahkan, besar sekali",Fear
"aku suka, kadang merasa seperti berbicara dengan dahyun karena aku sangat mirip dengannya, tetapi tetap ragu-ragu",Fear
jangan jatuh cinta daripada nanti sakit hati,Fear
"aku seperti itu, ibunya masih sering meminta aku menemani atau main ke rumah, padahal tahu kami sudah tidak bersama. takut membuat pasangan barunya risih, jadi aku sering mencari alasan",Fear
"aku setiap hari kadang pagi tidak melakukan apa-apa tetap saja keluar akun. makanya sering deg-degan sekali, takut",Fear
"tidak boleh berboncengan laki-laki dan perempuan kalau bukan saudara. menurutku itu aneh, karena banyak laki-laki yang dengan baik hati menawarkan tumpangan sebagai teman. masa tidak boleh. ini sekolah negeri",Fear
"ini kucing rumahan, tidak ke mana-mana, selalu bersama ibunya. tetapi di lehernya seperti ada luka. mungkin karena suka bertengkar diajari ibunya, tetapi masa iya. kucing. itu aku pegang juga dalam posisi nyaman dan sebentar saja",Fear
"jangan pernah menyia-nyiakan, mengecewakan, atau menyakiti orang yang sudah sayang dan nyaman denganmu demi orang yang kamu sukai. jangan",Fear
"kalau dia sedang marah, omongannya sangat pedas dan suka membanting barang apa saja yang ada di dekatnya",Fear
"aku ingin tidur cepat, tetapi selalu tidak bisa, selalu tidak tenang. seolah-olah ada yang tidak mengizinkan aku tidur. kadang suka terbangun dan saat bangun kepala pusing. ini juga akibat begadang, mataku terlihat sangat lelah dan kantong mataku sangat hitam",Fear
"tadi aku tidak sengaja mengintip instagramnya, lalu tidak sengaja menyukai postingannya. aku langsung ingin menghilang dari bumi. di sekolah suka berpapasan, ingin menyapa tetapi takut. bagaimana cara mengenalinya. tolong kasih tips",Fear
"dari kecil aku takut sekali dengan laut. lebih suka bukit atau gunung. sebenarnya suka gunung tetapi tidak kuat dingin, takut pingsan",Fear
"kenapa orang suka sekali menyebar kebencian. tidak memikirkan perasaan orang lain, apakah mereka sedih atau kepikiran. aku jadi takut semakin banyak orang jahat",Fear
"iya, teman tidak ada kabar sama sekali, agak khawatir",Fear
"semoga hanya demam biasa, takut terkena covid",Fear
"sekarang aku tidak berani lagi menonton sendiri di bioskop, padahal dulu biasa saja",Fear
semoga baik-baik saja,Fear
sabtu pagi bukannya dapat kabar gembira malah dapat kabar jadwal ujian sekolah dan ujian kenaikan kelas bulan depan,Fear
"ditelpon mantan biasa saja, tetapi kalau bertemu jantungku tidak aman",Fear
"tidak biasa sekali. akhir pekan, suami bangun pagi, jogging, menawarkan mau makan apa lalu membelikan, lanjut sarapan bersama. seperti kerasukan apa",Fear
"mulut berkata ""jalani saja dulu,"" tapi hati bergumam deg-degan ""bisa skip tidak""",Fear
"kirain hanya aku saja yang tidak suka seblak, mencium aromanya saja sudah mual",Fear
manchester united tersingkir dari piala fa. jangan bercanda kalau memberi kabar,Fear
"sangat kasihan, semalaman khawatir tidak ada kabar",Fear
"tatapan matanya biasa saja, tidak menyeramkan",Fear
"bangun-bangun dapat kabar teman positif covid, jadi takut",Fear
"dua hari ini merasa flu tetapi gejalanya seperti omicron. semoga saja hanya flu biasa, bismillah",Fear
aku biasanya tidak diaduk karena takut rasanya tidak enak,Fear
"kenapa aku tidak bisa tidur tenang. aku tahu setiap hari harus bangun pagi, tetapi setidaknya beri waktu mengumpulkan tenaga. kadang saat tidur suka diajak ngobrol",Fear
"sepasang muda-mudi menonton bioskop. si perempuan berbisik, ""mas, ada orang melakukan onani di sebelahku."" ""cuekin saja,"" kata laki-laki. ""tidak enak mas, dia paksa pakai tanganku."" takut",Fear
"aku punya kebiasaan minum kopi. pagi ini setelah minum kopi tiba-tiba bagian atas selangkangan sebelah kanan sakit. apakah ada hubungannya. buang air biasa, tidak ada masalah",Fear
"orang di rumah sakit sudah biasa bertemu dokter, aku malah takut",Fear
sekolah itu biasanya ramai karena makhluk tidak kasat mata. menyeramkan,Fear
bulan desember lalu aku selalu kaget kalau pamanku datang. takut mendapat kabar kematian,Fear
"hanya dua saja sudah mengerikan, apalagi kalau sembilan. takut",Fear
"sore hari seharusnya tenang, malah deg-degan karena dikejutkan tanpa sebab",Fear
"aku mau membalas biasa saja, tetapi takut",Fear
"baru bangun tidur, buka twitter, langsung dapat kabar dari denise",Fear
"aku kaget, kenapa kamu malah sedih",Fear
"aneh sekali perasaanku tidak enak. seperti deg-degan, sedih, takut. bismillah semoga lancar",Fear
"kalau malam kamar sunyi lalu ada suara cicak, itu menyeramkan. aku langsung bangun",Fear
"aku pikir temanku sedih tidak bisa jadi kutu beras saja sudah aneh, apalagi aku sendiri, lebih menyeramkan",Fear
bisa kerasukan kalau main di tempat sepi,Fear
"lebih baik berhenti dulu, tidak mau kecewa lagi sebelum bertemu yang benar-benar tulus",Fear
takut kecewa,Fear
"dulu ingin membuat persewaan alat bayi karena tahu susahnya cari peralatan bayi, tetapi melihat kondisi daerah sini kurang memungkinkan. banyak sepi jasanya, jadi agak ragu",Fear
lebih baik tidak usah daripada kecewa,Fear
"ini yang kutakutkan, kalau sudah mulai berharap pada orang lalu kecewa",Fear
"tidak enak. jangan bersedih, jadi menyeramkan",Fear
"sakit banyak, mau diperiksa penyebabnya. temani aku, takut sekali sepi",Fear
"sedikit sedih kemarin tidak jadi injeksi. kata dokter, sudah vakum tiga bulan, kalau langsung injeksi takut malah kaget. kemarin hanya diberi obat dan salep, jadi takut sendiri",Fear
"karena ceramah masalah kekerasan seksual, pikiranku jadi terngiang-ngiang, membayangkan ketakutan yang selama ini kusimpan. bagaimana kalau aku mengalami itu. ingin kembali ke orang tua, tetapi ayahku pelaku, ibuku korban. trauma masa kecil masih membekas",Fear
"naik mobil yang disopiri ayahku, ekstrem sekali. mentang-mentang jalan di papua sepi, kecepatannya selalu di atas seratus. rasanya seperti diajak mati",Fear
rasanya sangat memalukan. aku takut dengan stigma orang-orang. padahal sekarang sudah banyak yang berani bicara soal mental illness masing-masing. aku benci sekali melihat orang-orang yang mengaku punya mental illness hanya bermodal diagnosa sendiri. sedih sekali,Fear
"menjijikkan sekali, kesel, marah, sedih, takut, mengerikan",Fear
"fanfiksi ya. hmm, lebih memilih genre roman karena itu genre paling aman. sebenarnya secara umum aku suka kisah tragedi keluarga, tetapi kalau sedang butuh hiburan aku lebih memilih film. jarang lari ke fanfiksi karena cenderung punya ekspektasi dan takut kecewa, nanti jadi tidak nyaman lagi",Fear
"pulangnya malam, jalannya tiba-tiba sepi dan tidak ada lampu jalan. rasanya agak menakutkan",Fear
takut kecewa dengan ekspektasi,Fear
"ingat, teras cihampelas bandung, tempat relokasi penjual sepanjang jalan cihampelas saja tidak efektif. mungkin beberapa bulan pertama banyak pengunjung, tetapi setelah banyak menemukan kekurangan, tempat itu menjadi sepi dan kumuh, jadi terasa menjijikkan",Fear
"takut kecewa, jadi kasihan",Fear
"kenapa sepi sekali, mengerikan",Fear
sepi dan menyeramkan,Fear
"sepi, aneh, seperti ada yang memperhatikan tetapi tidak ada siapa-siapa",Fear
"joonyoung, membuat merinding dan sedih menjadi satu",Fear
"mau menonton kukira kau rumah, tetapi takut terlalu sedih dan menjadi kalut",Fear
"rumahku sepi sekali, terasa seperti ngekos. takut",Fear